timestamp,sample_id,sample_type,position_index,orientation_index,offset_x_mm,offset_y_mm,offset_z_mm,offset_roll_deg,offset_pitch_deg,offset_yaw_deg,tcp_x_mm,tcp_y_mm,tcp_z_mm,tcp_roll_deg,tcp_pitch_deg,tcp_yaw_deg,marker_base_x_mm,marker_base_y_mm,marker_base_z_mm,marker_base_roll_deg,marker_base_pitch_deg,marker_base_yaw_deg,mean_reprojection_error_px,max_reprojection_error_px,used_corner_count,detected_corner_count,averaged_frames,T_base_tcp_00,T_base_tcp_01,T_base_tcp_02,T_base_tcp_03,T_base_tcp_10,T_base_tcp_11,T_base_tcp_12,T_base_tcp_13,T_base_tcp_20,T_base_tcp_21,T_base_tcp_22,T_base_tcp_23,T_base_tcp_30,T_base_tcp_31,T_base_tcp_32,T_base_tcp_33,T_cam_board_m_00,T_cam_board_m_01,T_cam_board_m_02,T_cam_board_m_03,T_cam_board_m_10,T_cam_board_m_11,T_cam_board_m_12,T_cam_board_m_13,T_cam_board_m_20,T_cam_board_m_21,T_cam_board_m_22,T_cam_board_m_23,T_cam_board_m_30,T_cam_board_m_31,T_cam_board_m_32,T_cam_board_m_33,T_base_board_mm_00,T_base_board_mm_01,T_base_board_mm_02,T_base_board_mm_03,T_base_board_mm_10,T_base_board_mm_11,T_base_board_mm_12,T_base_board_mm_13,T_base_board_mm_20,T_base_board_mm_21,T_base_board_mm_22,T_base_board_mm_23,T_base_board_mm_30,T_base_board_mm_31,T_base_board_mm_32,T_base_board_mm_33
2026-07-14T19:00:31.023,0,reference,0,0,0.0,0.0,0.0,0.0,0.0,0.0,263.461884,-473.464264,26.280594,-177.12084963153094,0.2887134329664218,179.89688744471928,196.0409073596507,-1178.4613545665602,-193.85763301247968,87.69032079750309,-0.24266234336045117,3.9241944771439834,0.278456900228098,0.5658563098889224,24,24,10,-0.9999856849108384,0.0020504859296622885,0.004942214165116058,263.461884,0.0017996297704441356,0.9987356287287725,-0.05023848365976737,-473.464264,-0.005038978675381354,-0.05022887033565098,-0.9987250218547212,26.280594,0.0,0.0,0.0,1.0,0.0070606208721225765,0.9999184687436208,-0.010639713262717237,-0.07156964343909294,-0.9976918947039074,0.006325507884563374,-0.06760821837713074,0.06761328482602759,-0.06753540460401211,0.011092511681987277,0.9976552136432494,0.5950955951787529,0.0,0.0,0.0,1.0,0.9976465211856341,-0.006979916437821513,0.06821069954723452,196.0409073596507,0.0684359662221757,0.03991649367087582,-0.9968566557235098,-1178.4613545665602,0.004235244200673003,0.9991786398335103,0.040300228374250076,-193.85763301247968,0.0,0.0,0.0,1.0
2026-07-14T19:00:40.598,1,random,1,1,-34.65046479196166,-30.00122808975842,24.485335380394346,3.3855839688601677,2.2032824546275833,14.30030826869939,228.810104,-503.459991,50.764206,-173.73501283698485,2.4913350847878455,-165.80315700853225,406.3309047729945,-1219.2191653637124,-208.35597814346988,98.15868957485188,-6.0487908449821814,20.45739016982592,0.31726995407814435,0.8541869780846302,22,22,10,-0.9685425389558235,-0.23919058313360797,0.06865285990555473,228.810104,-0.24502215649012152,0.964832466184018,-0.09519692760901712,-503.459991,-0.043468299505933575,-0.10902374575050439,-0.9930882789564037,50.764206,0.0,0.0,0.0,1.0,0.07809249354476637,0.9643361005911839,-0.2528980971627709,-0.15406519393023432,-0.9920871687717173,0.05015528678801551,-0.11509777046376526,0.014733931465972662,-0.09830875856442428,0.2598852290989264,0.9606222231895948,0.606783933294918,0.0,0.0,0.0,1.0,0.9317160231055209,-0.048129385762444576,0.3599844642683384,406.3309047729945,0.3475648054206889,-0.16942204680023015,-0.9222227909192543,-1219.2191653637124,0.10537532121569677,0.9843676814504579,-0.14112515507356718,-208.35597814346988,0.0,0.0,0.0,1.0
2026-07-14T19:00:46.002,2,random,1,2,-34.65046479196166,-30.00122808975842,24.485335380394346,11.234270272784343,-13.803885237371228,2.9791308109137162,228.797806,-503.487152,50.72263,-165.84641532206467,-13.481754215207784,-177.10348901033845,116.23587425550951,-1235.9673509044724,-40.98301975853322,80.30699285366636,-0.6314805609220101,-5.428167126032805,0.21241987042432928,0.4951744769317995,24,24,10,-0.971201851993471,-0.10593212611544156,-0.21341355941250437,228.797806,-0.04913967075057998,0.9655242989922753,-0.2556327850922101,-503.487152,0.2331357017768341,-0.23778396226856358,-0.9429244571252172,50.72263,0.0,0.0,0.0,1.0,0.20260540212151762,0.9726165477573034,-0.11387757487689076,-0.11459391442087732,-0.9581794912098107,0.2208982615482419,0.18192311746964165,0.12405097296282894,0.20209679279020443,0.07225655038560942,0.9766964099812618,0.5752235150954458,0.0,0.0,0.0,1.0,0.9954551169823199,0.005112196671904219,-0.09509456093228641,116.23587425550951,-0.09459198382831525,0.16864173305523728,-0.9811280866775499,-1235.9673509044724,0.01102119182032315,0.9856641574681066,0.16835884893151834,-40.98301975853322,0.0,0.0,0.0,1.0
2026-07-14T19:00:51.237,3,random,1,3,-34.65046479196166,-30.00122808975842,24.485335380394346,-1.2733929125985668,-0.32498452882851403,13.20191364531054,228.813354,-503.462402,50.800407,-178.3776325551504,-0.04543555315387428,-166.89870960860193,344.99490762735974,-1205.4554685738726,-249.66505631898264,102.77778321343601,0.5205797053097269,16.37629056240894,0.3447881002287105,0.9903749637940154,24,24,10,-0.9739705562465351,-0.22660424523921918,0.005645494166035017,228.813354,-0.2266731715839939,0.9735753461156532,-0.0277546161897326,-503.462402,0.0007929999168871264,-0.028311861036497042,-0.9995988243669467,50.800407,0.0,0.0,0.0,1.0,-0.0023565314510698254,0.9684713480900606,-0.24911381874183838,-0.13702516031768064,-0.9985002665840073,-0.01590445547158828,-0.05238574164616936,0.04582108398552781,-0.05469610947030017,0.2486167657757086,0.9670563785964287,0.6031796826755264,0.0,0.0,0.0,1.0,0.9593911261483201,0.0708589851935927,0.27303419435153786,344.99490762735974,0.2819328236210057,-0.20969941521351626,-0.9362371698582556,-1205.4554685738726,-0.009085704867866692,0.9751949340908435,-0.22116123188888848,-249.66505631898264,0.0,0.0,0.0,1.0
2026-07-14T19:00:55.008,4,random,1,4,-34.65046479196166,-30.00122808975842,24.485335380394346,11.16019445412024,1.070227757958655,12.467866516262866,228.811417,-503.465515,50.765808,-165.96094958531128,1.3588840027117735,-167.6352468542426,393.47181660439946,-1254.0541923968563,-107.48821353963551,87.84572569770646,-11.614011199829733,19.69349266836838,0.30978055235856516,0.8451640398639994,22,22,10,-0.9765294816454094,-0.20211903491183028,0.07441819134901183,228.811417,-0.21407424143908935,0.9488595283970422,-0.23202977076750508,-503.465515,-0.023714776609242882,-0.24251492963620366,-0.9698577824990222,50.765808,0.0,0.0,0.0,1.0,0.20744422242400215,0.9558897306011768,-0.20794642943342576,-0.1562615428518272,-0.9753489313871718,0.18575286795636584,-0.11912318870768292,0.003665582701800703,-0.0752419871135953,0.2275317449878028,0.9708593865220663,0.609118067547439,0.0,0.0,0.0,1.0,0.922232418022859,-0.20207570452863718,0.3296252065406474,393.47181660439946,0.3300888465877098,-0.03240206791128363,-0.9433935866611918,-1254.0541923968563,0.2013174619999596,0.9788337528070469,0.036820698792492806,-107.48821353963551,0.0,0.0,0.0,1.0
2026-07-14T19:01:00.947,5,random,1,5,-34.65046479196166,-30.00122808975842,24.485335380394346,-8.352351056276708,14.385363401668165,5.8235893381566655,228.811005,-503.466797,50.768757,174.52769994654832,14.673678316418435,-174.27926544657961,437.18913241619964,-1192.5635443158599,-250.58563240634186,99.98070855967698,-8.044273092872604,25.27143808675735,0.13005436508569418,0.2817927722449972,12,12,10,-0.9625662302909544,-0.12326235166433815,0.24139727621835028,228.811005,-0.09642870510983373,0.9880767020667951,0.12002472938376735,-503.466797,-0.25331355497545366,0.0922541245418485,-0.9629752953065385,50.768757,0.0,0.0,0.0,1.0,-0.12786115280499105,0.9778274425710805,-0.1658463691440957,-0.07391405773493379,-0.9394902934910495,-0.17299839157698488,-0.29568487439819763,-0.05734072328924282,-0.31781993965055216,0.11800444511405901,0.9407791647851488,0.6366049430064482,0.0,0.0,0.0,1.0,0.8953974177409963,-0.05064032293223486,0.4423788218213836,437.18913241619964,0.42270645881146846,-0.21556593392080922,-0.8802559728919297,-1192.5635443158599,0.13993825060298912,0.9751753103038288,-0.17161118900586464,-250.58563240634186,0.0,0.0,0.0,1.0
2026-07-14T19:01:17.691,6,random,2,1,-31.81589537570536,27.96859001758946,-85.46715304834247,9.723917595357083,-4.94969224325788,-9.666778404118396,231.646652,-445.508606,-59.172966,-167.56420008764636,-4.724266203971689,170.2184270735899,-83.42814324204986,-1150.4760719780434,-146.3426907441959,69.89784226906468,-4.932744488211327,-10.342058511229348,0.3369975938058573,0.801861939975485,24,24,10,-0.9821145730204721,0.14842838373962108,-0.11584463889735949,231.646652,0.16931537630688875,0.9653547950843001,-0.19855080698351688,-445.508606,0.08236060227361432,-0.2146139196515289,-0.97322022003498,-59.172966,0.0,0.0,0.0,1.0,0.16589330208879002,0.9779409091433906,0.12692907683378232,-0.07844097608869338,-0.9849563786560478,0.15800108326025103,0.06997563742726358,0.1832632021331358,0.04837710684654516,-0.13662809342293425,0.9894404578451259,0.6101993787495064,0.0,0.0,0.0,1.0,0.9801100109820784,-0.017734624163417572,-0.19766094575938278,-83.42814324204986,-0.17885949572071902,0.3526074878859795,-0.9185190473132661,-1150.4760719780434,0.08598631962842415,0.9356032506316562,0.3424221228896248,-146.3426907441959,0.0,0.0,0.0,1.0
2026-07-14T19:01:21.563,7,random,2,2,-31.81589537570536,27.96859001758946,-85.46715304834247,-2.1973210601194815,-0.5278257766916887,-11.123502676031803,231.646011,-445.495667,-59.186493,-179.3179135927396,-0.2392098794671187,168.77342751426997,-67.14836450743877,-1135.3711775082947,-240.23208972577888,79.46590033007081,2.7447713631695727,-8.524323760885233,0.37678506107976517,0.8306970885904973,24,24,10,-0.9808564198276913,0.19462672993092223,-0.006412462802972709,231.646011,0.19468757833790776,0.9808051408838828,-0.010863814093943209,-445.495667,0.004174987871200675,-0.011904268652151419,-0.999920425766037,-59.186493,0.0,0.0,0.0,1.0,-0.038849364308681446,0.9845723518515391,0.170610699729942,-0.007488665360204388,-0.998231491727321,-0.03055172225225982,-0.05099491338622114,0.15874052071294392,-0.04499573109372431,-0.17229009326409295,0.9840180424902745,0.6343489506676621,0.0,0.0,0.0,1.0,0.9878184589408675,0.0736591868114383,-0.13707303299324533,-67.14836450743877,-0.14805920997590113,0.17382244398738705,-0.9735831902346938,-1135.3711775082947,-0.04788697648632341,0.9820183716023492,0.18261093975572487,-240.23208972577888,0.0,0.0,0.0,1.0
2026-07-14T19:01:26.698,8,random,2,3,-31.81589537570536,27.96859001758946,-85.46715304834247,-7.937284750023599,2.9522135326343886,7.083686039147558,231.645859,-445.494965,-59.186821,174.94194843242795,3.2409357681575015,-173.01973232554352,191.99862587243595,-1148.3696930792812,-436.5803521981442,103.1753753196895,3.249481948476096,14.797051074514775,0.2971048570982464,0.6329571010638751,24,24,10,-0.9910005452087088,-0.12600171873865706,0.04518280946273941,231.645859,-0.12133314136692538,0.9881170669394189,0.09435534340499072,-445.494965,-0.05653484060360972,0.08802402454980333,-0.9945127364191874,-59.186821,0.0,0.0,0.0,1.0,-0.1197355101235843,0.9816890540101909,-0.14815535377440978,-0.12419757000006011,-0.9851791167962265,-0.13594686353814864,-0.10459712291811617,0.14611452659364763,-0.12282310631168902,0.1334355707100455,0.9834172222537249,0.6244070731481093,0.0,0.0,0.0,1.0,0.9652820386188342,0.1115743523400045,0.23618160347448022,191.99862587243595,0.25498536669184496,-0.2062776617424762,-0.944686185481233,-1148.3696930792812,-0.05668376039831319,0.972111459744182,-0.2275659489931249,-436.5803521981442,0.0,0.0,0.0,1.0
2026-07-14T19:01:33.571,9,random,2,4,-31.81589537570536,27.96859001758946,-85.46715304834247,4.087026312346126,-11.838557623581387,-14.8310766659589,231.635742,-445.508209,-59.209198,-173.02030528333864,-11.530489148110252,165.0701148054419,-193.06465214493304,-1035.5370007071774,-128.27745817764682,69.95456930142025,5.86566259069698,-25.965986722565756,0.4042514795743464,0.8285376720130239,18,20,10,-0.9467415950825571,0.23225745711559198,-0.22301754584501782,231.635742,0.2524373113071223,0.9653392969070547,-0.06629815764426913,-445.508209,0.19988935939805974,-0.11906517316659937,-0.9725573137549484,-59.209198,0.0,0.0,0.0,1.0,0.07521309745644371,0.9792368911787815,0.18825010205979645,-0.01834483671017604,-0.9762429707994528,0.03383959327922178,0.2140199614320036,0.2398238340302486,0.20320593479440247,-0.1998749431049656,0.9585183123879897,0.5614881635456237,0.0,0.0,0.0,1.0,0.8943468944731924,0.2363895268939301,-0.379820515403028,-193.06465214493304,-0.4355450950058851,0.26612961888260767,-0.8599276110055503,-1035.5370007071774,-0.10219639212062653,0.9345025508409613,0.3409704971244068,-128.27745817764682,0.0,0.0,0.0,1.0
2026-07-14T19:01:39.407,10,random,2,5,-31.81589537570536,27.96859001758946,-85.46715304834247,-6.233589701288244,-13.41742625360918,8.482712135193083,231.645615,-445.494446,-59.187199,176.64569573202894,-13.12869762184817,-171.62051209405456,-4.517954514959769,-1096.4030907753697,-346.3486479611944,99.49632674902296,18.844101173084823,-2.6614648455909586,0.3018483294838125,0.5275868078666066,19,19,10,-0.9634659215433938,-0.13233111206984727,-0.232855952904143,231.645615,-0.1419198423622345,0.9895663970743531,0.02484158056892575,-445.494446,0.22713911237040935,0.056980896444698385,-0.9721939112501894,-59.187199,0.0,0.0,0.0,1.0,-0.08874244349483457,0.9843812765360507,-0.15204697013693336,-0.13537845860451636,-0.977859067323091,-0.05705620056251818,0.20133612301667317,0.2545978301346685,0.18951628736491608,0.16654756792767966,0.967649463618305,0.5305924782505853,0.0,0.0,0.0,1.0,0.9453800752211824,0.3105633746602202,-0.09902981214991928,-4.517954514959769,-0.0439457688162282,-0.17959899499186327,-0.9827578391450579,-1096.4030907753697,-0.32299424573503366,0.9334316211258159,-0.15614136512945054,-346.3486479611944,0.0,0.0,0.0,1.0
2026-07-14T19:01:58.019,11,random,3,1,75.05005922632566,46.99843674962252,-18.627434765022315,10.737704374024677,-6.180883361327211,2.0980953861930054,338.511719,-426.466248,7.653152,-166.3831621845432,-5.89218337356636,-178.00503810097683,251.06162314119078,-1082.3046949576046,-189.70868119695606,81.77087127436569,-5.706002580946105,1.215788597842591,0.3996133838938909,0.8278886846283292,24,24,10,-0.9941139255114375,-0.05798674604392879,-0.09151524674870853,338.511719,-0.03462770303306865,0.9704614481798091,-0.23875824546892904,-426.466248,0.10265683263618505,-0.23418393386392816,-0.9667571876294077,7.653152,0.0,0.0,0.0,1.0,0.1963442100993906,0.9755285932820129,-0.09895915748258115,-0.17202833648861965,-0.978494609580065,0.2014426626118372,0.04437513608552966,0.08902137375112279,0.0632238102553298,0.08811820112252453,0.9941015704885132,0.48695015340795833,0.0,0.0,0.0,1.0,0.9948211493067756,-0.10141509941108469,0.006771890680268916,251.06162314119078,0.021112790243721244,0.14101203749883492,-0.9897827313954066,-1082.3046949576046,0.09942399599729553,0.9847997679182637,0.14242291293209397,-189.70868119695606,0.0,0.0,0.0,1.0
2026-07-14T19:02:03.091,12,random,3,2,75.05005922632566,46.99843674962252,-18.627434765022315,10.617309989305035,10.12220772132435,-7.654781706217952,338.508789,-426.466064,7.692986,-166.58381200439803,10.375463528906025,172.23317586438793,258.19057806447245,-1124.8489578789254,-108.8515814782275,65.07934272668584,-16.34103371280916,9.410668624506222,0.1617846764085356,0.34262886176917406,19,19,10,-0.9746249467848254,0.17285737724452938,0.14222004161446092,338.508789,0.13293213168595355,0.9581398200001505,-0.25356879479838923,-426.466064,-0.1800979218927993,-0.22822885983639704,-0.956805270714827,7.692986,0.0,0.0,0.0,1.0,0.17861660630775889,0.9722851052442236,0.15085682639949963,-0.09351406410189905,-0.9523835452219767,0.20935381885552068,-0.22166768217543353,0.006593033151174323,-0.24710663840034403,-0.10408003002900901,0.9633824041405584,0.5584866161683754,0.0,0.0,0.0,1.0,0.9466894322271505,-0.32062066651653454,0.03132901389971929,258.19057806447245,0.15690453195009793,0.37397123743521377,-0.9140713765481859,-1124.8489578789254,0.28135402389686276,0.8702573767418861,0.40434145405013255,-108.8515814782275,0.0,0.0,0.0,1.0
2026-07-14T19:02:09.531,13,random,3,3,75.05005922632566,46.99843674962252,-18.627434765022315,-4.062856237488271,-10.782263264964167,-14.62170294432048,338.485443,-426.473022,7.559861,178.98834826898033,-10.228098783998378,165.31035600894023,12.158540698519232,-947.1899259161034,-176.2678408998088,76.21081681916999,13.981016932189714,-23.70277138764174,0.4422337877298691,1.1109561096040481,24,24,10,-0.9519416783623901,0.2565761913743132,-0.16725937646795086,338.485443,0.24955333084028142,0.9663678190755496,0.062099704682767674,-426.473022,0.1775673845702441,0.01737516258967691,-0.9839552467779545,7.559861,0.0,0.0,0.0,1.0,-0.06078490360804159,0.972128164207316,0.22643327460484863,-0.02001696447043096,-0.9859239542524815,-0.09387357204796784,0.13835356483338723,0.1483564255117087,0.1557534973106942,-0.21483618137052382,0.9641505397237607,0.4918604198035582,0.0,0.0,0.0,1.0,0.8885179779940968,0.3106589030393231,-0.3376786175399415,12.158540698519232,-0.3900833836550089,0.12392131070520783,-0.9124025770181508,-947.1899259161034,-0.24160040682403838,0.9424089105666964,0.23128918847830213,-176.2678408998088,0.0,0.0,0.0,1.0
2026-07-14T19:02:14.132,14,random,3,4,75.05005922632566,46.99843674962252,-18.627434765022315,-5.278216210923514,5.389286693879072,-11.687747684529311,338.514557,-426.458557,7.701365,177.333588860863,5.5485232880468915,168.18459878821403,173.35141776566866,-1042.7920165635765,-243.80809072831562,82.35322794580152,0.07993129231624818,-2.883763105816848,0.3609083372994061,0.7711223536628757,20,20,10,-0.9742263259376538,0.200134738016904,0.10406321390830517,338.514557,0.2037998016594801,0.978673657998671,0.025758726347724248,-426.458557,-0.09668871026948828,0.04630289168513747,-0.9942370620370262,7.701365,0.0,0.0,0.0,1.0,-0.09969772496785494,0.9815887005984687,0.16292325338527835,-0.033556573164303216,-0.9839415644762344,-0.07289409273894948,-0.1629277414678811,0.060011126258454756,-0.14805188729730295,-0.17655048598396741,0.973093296948721,0.54984810538438,0.0,0.0,0.0,1.0,0.9987326826064454,0.008075420786964323,-0.04967712021489702,173.35141776566866,-0.05030986474637888,0.13282743316047674,-0.9898615006702707,-1042.7920165635765,-0.00139506377377931,0.9911062811722627,0.13306537197165358,-243.80809072831562,0.0,0.0,0.0,1.0
2026-07-14T19:02:17.035,15,random,3,5,75.05005922632566,46.99843674962252,-18.627434765022315,-5.130133367109806,-1.791254133702978,-7.779944822364039,338.503998,-426.468018,7.587001,177.94258570130756,-1.3541284530121875,172.14448199770166,147.564666013791,-1019.7412979506751,-253.3810858768877,85.99935316931752,6.21052079426797,-6.165627839966549,0.36142079289536827,0.8485568962960396,24,24,10,-0.99033922152863,0.13742785027137164,-0.0184881657245005,338.503998,0.13663734605503908,0.9898613177975694,0.0387918443889297,-426.468018,0.023631799870146096,0.0358909110757709,-0.9990762636240781,7.587001,0.0,0.0,0.0,1.0,-0.08138325818290222,0.991100673130931,0.1053386016944919,-0.05796411923508703,-0.9964014680657811,-0.07839324130267253,-0.0322275372068392,0.10208902662771924,-0.023682899397928135,-0.10758231935349123,0.993914063105373,0.5246929335100143,0.0,0.0,0.0,1.0,0.9883806389066029,0.11478730595982634,-0.09963727728647491,147.564666013791,-0.1067726024515625,0.05777342775760514,-0.9926035675993,-1019.7412979506751,-0.10818190236956154,0.9917086797218336,0.06935827682462092,-253.3810858768877,0.0,0.0,0.0,1.0
2026-07-14T19:02:35.481,16,random,4,1,43.706406422235254,79.59774718810354,-29.450824547720547,9.135210678980322,-7.541039664814136,-0.15095350862469736,307.167725,-393.866882,-3.169987,-167.9856678417446,-7.252385179206934,179.7459130657023,162.55781821435014,-1070.1310684828732,-224.75897548137164,81.8328908565001,-2.932472493932683,-3.5243859413945393,0.2934855948573428,0.6584887025797693,24,24,10,-0.9919899408615457,-0.021939955147200374,-0.12439692760533116,307.167725,0.004399160590505978,0.9782024769109354,-0.20760674736484339,-393.866882,0.12624026542908606,-0.20649104710241023,-0.9702704998354552,-3.169987,0.0,0.0,0.0,1.0,0.16502369545363094,0.9832832209488368,-0.07694990148991654,-0.1901447765163446,-0.9816828201099383,0.17128417942138213,0.08343003404614932,0.11213475668476296,0.09521565333402536,0.06177246377168549,0.9935381935686974,0.5142934584530623,0.0,0.0,0.0,1.0,0.9968017245671715,-0.04181137726816895,-0.06810382243935396,162.55781821435014,-0.061392857167475154,0.1449050664832661,-0.9875390821614576,-1070.1310684828732,0.05115895804965385,0.9885617484196011,0.14187470025644033,-224.75897548137164,0.0,0.0,0.0,1.0
2026-07-14T19:02:40.254,17,random,4,2,43.706406422235254,79.59774718810354,-29.450824547720547,4.270051861472833,4.984817678766717,-11.621313555734202,307.167145,-393.874268,-3.139373,-172.95006065765563,5.232766247150295,168.27329265490027,124.24684896897304,-1085.9567074621389,-192.16148543697966,71.826248034119,-7.9355831103434085,-2.576795812737087,0.235507772988626,0.7215376863791321,24,24,10,-0.9750475689857352,0.21266710896276264,0.06367840277855823,307.167145,0.20239668199380723,0.9694504957798424,-0.1385688253183784,-393.874268,-0.0912020906169674,-0.12222289882684846,-0.9883034663854298,-3.139373,0.0,0.0,0.0,1.0,0.07160657941443377,0.9811791183559292,0.17933219311335752,-0.08763611521753094,-0.9864352422267375,0.09628857217800627,-0.1329436864277464,0.05578679388081063,-0.14770920986059896,-0.16737995271299075,0.9747645565736144,0.5886657605008896,0.0,0.0,0.0,1.0,0.9894224555006754,-0.11701741786303194,-0.08573289023288114,124.24684896897304,-0.044527886212139454,0.3174816254984918,-0.9472183934132163,-1085.9567074621389,0.13805966789940272,0.9410166530872367,0.3089129112096201,-192.16148543697966,0.0,0.0,0.0,1.0
2026-07-14T19:02:44.285,18,random,4,3,43.706406422235254,79.59774718810354,-29.450824547720547,7.068359183105077,11.33716300440916,1.0344515765025228,307.168121,-393.866699,-3.170352,-170.05249849612002,11.625829325220021,-179.0686769518577,368.34992909295926,-1120.6091980203512,-229.5140287393931,76.94682218014442,-15.288285486275772,19.29945936204066,0.23802533908600615,0.5225183216042126,17,17,10,-0.9793551089823002,0.01879745569019613,0.20127152349461175,307.168121,-0.015920480199261993,0.9854021567015195,-0.1694966898739284,-393.866699,-0.2015194998517311,-0.16920178848809156,-0.9647593720466981,-3.170352,0.0,0.0,0.0,1.0,0.12946775604751487,0.9915816523191334,-0.0019816478191180356,-0.1701758481690825,-0.9500313509335532,0.1234697038811503,-0.2866978626827716,-0.0028495647998796622,-0.2840396669259234,0.03900075649982811,0.9580190022150148,0.5787049941037088,0.0,0.0,0.0,1.0,0.9104041173403252,-0.3170744558828577,0.26575953897531834,368.34992909295926,0.31880934372164876,0.12826862464868463,-0.9390994421713325,-1120.6091980203512,0.26367583409473744,0.9396866229532724,0.2178625831966557,-229.5140287393931,0.0,0.0,0.0,1.0
2026-07-14T19:02:46.957,19,random,4,4,43.706406422235254,79.59774718810354,-29.450824547720547,10.253805266590959,14.452947461168357,-3.733704471926645,307.167603,-393.866638,-3.170846,-166.8670823383107,14.741573815141438,176.16315067696976,326.8973052691706,-1145.667351771125,-146.988139553073,65.54352542735255,-18.938191256492562,18.49710041962101,0.1707474236711921,0.4481552056493918,16,16,10,-0.964915787878723,0.12285189813214101,0.2320451107601994,307.167603,0.06471297825920434,0.9677940566280168,-0.24328356787977032,-393.866638,-0.25445972716170023,-0.21973182537087593,-0.9417898768684956,-3.170846,0.0,0.0,0.0,1.0,0.17474311495202535,0.9782712879463189,0.11158015485163272,-0.1391306625280756,-0.9288298447855778,0.20138363162503878,-0.31099799412393425,-0.031029148952778852,-0.32671082506164884,-0.04929421967494484,0.9438379716318767,0.595681070363742,0.0,0.0,0.0,1.0,0.8970053599448828,-0.41151118193428665,0.16136892939224085,326.8973052691706,0.3000833187611523,0.2988878265128396,-0.9058786171246808,-1145.667351771125,0.3245479718492239,0.8610020988972545,0.39159162358645827,-146.988139553073,0.0,0.0,0.0,1.0
2026-07-14T19:02:50.992,20,random,4,5,43.706406422235254,79.59774718810354,-29.450824547720547,7.405799854831198,7.475324175230735,7.091024759319733,307.168152,-393.86499,-3.170477,-169.71496905900847,7.764093786038272,-173.01216928264782,412.628879742135,-1094.984828247072,-277.400724680436,85.13817052199691,-13.43172131892257,22.044941913148147,0.4465248333854855,0.8565410097813622,20,20,10,-0.9834728045612275,-0.09576235486418579,0.153658107756602,307.168152,-0.12054324908051883,0.9795575509981418,-0.16104759974502808,-393.86499,-0.13509466232825687,-0.17690838214564206,-0.9749117173042008,-3.170477,0.0,0.0,0.0,1.0,0.15101720646394,0.9807359627400889,-0.1238982434907751,-0.21284868152200553,-0.9619931837611643,0.11695758328265737,-0.24675906895135494,0.017473289730300802,-0.22751465392120768,0.1564541309807831,0.9611239187275286,0.5503050327191484,0.0,0.0,0.0,1.0,0.9015369118186254,-0.24633995868119227,0.35573560601306914,412.628879742135,0.36506740173852187,-0.008314432275251788,-0.9309439630846879,-1094.984828247072,0.23228643700487825,0.9691478189486317,0.0824349210631618,-277.400724680436,0.0,0.0,0.0,1.0
2026-07-14T19:03:09.208,21,random,5,1,-15.247403718695198,-48.86228759654413,-31.488601216810345,13.773949690691595,-14.895077663180201,-3.7004723353274027,248.203827,-522.336975,-5.235466,-163.31268136043713,-14.577593294174997,176.21202397689444,1.3333900023491765,-1189.020036698943,-19.114786520141678,71.46174038946914,-2.6697863178461008,-12.919177159895638,0.2207448188264572,0.4560829363316366,22,22,10,-0.9656933566949731,-0.008832510573128012,-0.2595348292468101,248.203827,0.06393773230266102,0.9605680895564157,-0.270593628369056,-522.336975,0.2516908961865498,-0.2779045377155852,-0.9270494920412277,-5.235466,0.0,0.0,0.0,1.0,0.2392894061561586,0.9708281084579176,-0.015276253776889836,-0.07445530880474482,-0.9411372183654745,0.23578250156063998,0.24221343514574956,0.19246675724925122,0.23874948441563273,-0.04358205807244234,0.9701027202855582,0.5359327418524524,0.0,0.0,0.0,1.0,0.9736284693497811,0.028038548079129862,-0.22640990149111623,1.3333900023491765,-0.22333368553256489,0.31976343642318417,-0.9208004179154557,-1189.020036698943,0.04657970135202831,0.9470824592127401,0.31759273743822486,-19.114786520141678,0.0,0.0,0.0,1.0
2026-07-14T19:03:14.912,22,random,5,2,-15.247403718695198,-48.86228759654413,-31.488601216810345,-4.714690800348578,-4.709508941015146,-9.135130218309088,248.214691,-522.326111,-5.207882,178.16472143847977,-4.420942347229432,170.761820246492,-2.604256133783622,-1172.7827894217157,-139.1648639617955,80.5369734651369,9.143554926811861,-11.753764929595146,0.4722169684811309,0.9621705821670054,24,24,10,-0.9840927427697528,0.16289325938544957,-0.0709031711187157,248.214691,0.16006128210972953,0.9861268703873965,0.04397933002386963,-522.326111,0.07708345864901765,0.031930887033458824,-0.9965132005427533,-5.207882,0.0,0.0,0.0,1.0,-0.07674890670819741,0.9785575305145874,0.19114069371091233,0.06043071965044961,-0.9958687818483305,-0.08456677560836524,0.03307309787616755,0.13329103829504726,0.048528081138847774,-0.18781272570408203,0.9810053034538522,0.5884039758419481,0.0,0.0,0.0,1.0,0.9665918154393334,0.18695109044941466,-0.1753555020678532,-2.604256133783622,-0.20111765073447593,0.12903360340209066,-0.9710314205812897,-1172.7827894217157,-0.15890863063011834,0.9738581102875548,0.16232198907854045,-139.1648639617955,0.0,0.0,0.0,1.0
2026-07-14T19:03:20.313,23,random,5,3,-15.247403718695198,-48.86228759654413,-31.488601216810345,-11.713895604557951,13.183194484060934,-1.5103903499331341,248.214767,-522.325623,-5.208259,171.1652398300436,13.471956636911047,178.38651340097493,295.17413519285856,-1227.1727207738588,-280.2873027773088,96.49296374621244,-4.220331445444569,18.568097834175084,0.17758721333463146,0.3396181671418064,17,17,10,-0.9720984881805339,-0.007943640365336596,0.23443853747809174,248.214767,0.027382167387644027,0.9887510797448458,0.14704257618988015,-522.325623,-0.2329694104089107,0.14935930128769304,-0.9609459157166842,-5.208259,0.0,0.0,0.0,1.0,-0.1933939840870742,0.9800574322913096,-0.045674898242840586,0.011925859988455696,-0.9291220072560502,-0.19790018575068014,-0.31235846732934075,-3.4714501779367365e-05,-0.315168308291644,-0.017970695323549595,0.9488656340906079,0.6405297721285113,0.0,0.0,0.0,1.0,0.9453754334139413,-0.0333052305899278,0.32427773823183587,295.17413519285856,0.3175680937299757,-0.1304785831200403,-0.9392155477800054,-1227.1727207738588,0.07359209021431999,0.9908915687209872,-0.11277456847866424,-280.2873027773088,0.0,0.0,0.0,1.0
2026-07-14T19:03:26.051,24,random,5,4,-15.247403718695198,-48.86228759654413,-31.488601216810345,-13.751545317186242,-5.4969294366221835,10.554550914371134,248.213638,-522.331421,-5.218352,169.14298529212934,-5.207097737928435,-169.54451411495702,178.4147768337808,-1166.3573619108765,-342.1850484331227,111.42776453146458,18.195814845667755,10.743039983642898,0.2123925923139966,0.47089837380046456,24,24,10,-0.9793378775467912,-0.16141244119660877,-0.12183326897484663,248.213638,-0.18072265879718855,0.9688958950589763,0.16905639631537173,-522.331421,0.09075594856217951,0.18758136465229266,-0.9780473349668526,-5.218352,0.0,0.0,0.0,1.0,-0.21749218519383903,0.9602756425909994,-0.17483660836921758,-0.04618262514784589,-0.9752393325606649,-0.20644113410233056,0.07931142652336776,0.15458120734478076,0.040067363355189636,0.18775715271857402,0.981397910124521,0.5776345776573075,0.0,0.0,0.0,1.0,0.9333443495322598,0.35368546710171206,0.061440341447994214,178.4147768337808,0.17708349922436634,-0.3047404557024841,-0.9358283437472368,-1166.3573619108765,-0.3122655272338846,0.8843301674257672,-0.34705964254297533,-342.1850484331227,0.0,0.0,0.0,1.0
2026-07-14T19:03:30.221,25,random,5,5,-15.247403718695198,-48.86228759654413,-31.488601216810345,0.46209318105194974,-5.764541077376039,12.877674659955765,248.214462,-522.326538,-5.208114,-176.6590456486555,-5.4758149438447905,-167.22546743916504,243.42883312757147,-1227.3479880916498,-256.48776589092444,99.48791832656877,3.9970681696198813,10.334557947401807,0.24378135805191725,0.5949377030825105,24,24,10,-0.9707972565456637,-0.2261627507375261,-0.08001935304817548,248.214462,-0.22010598733984563,0.9723605588527201,-0.0778992806435181,-522.326538,0.09542557843976958,-0.05801166922664374,-0.9937447384580076,-5.208114,0.0,0.0,0.0,1.0,0.027441226300986495,0.9735512170340581,-0.22681491774264614,-0.12191376764827752,-0.9985384452307575,0.037265246856824655,0.03914428148327536,0.13592257756402926,0.046561276778456555,0.2254092482313119,0.9731509226818599,0.5715646008014317,0.0,0.0,0.0,1.0,0.9813840933173149,0.09720803004381924,0.16563773808752744,243.42883312757147,0.1789592541954215,-0.1498316517056118,-0.9723806155436189,-1227.3479880916498,-0.06970542820735544,0.9839212748193675,-0.16443867621779557,-256.48776589092444,0.0,0.0,0.0,1.0
2026-07-14T19:03:46.233,26,random,6,1,-69.98664731884438,-10.597611643217903,24.556097256533132,2.245336283201972,12.298812010987202,10.450323947503655,193.469315,-484.054291,50.869041,-174.8644272427467,12.579288392097224,-169.65125615218992,452.9439852200983,-1231.7199965907425,-184.44795518956846,92.26082802336298,-13.327697966817228,26.229515881273265,0.2023149230839581,0.35441841962996945,14,14,10,-0.9601186121471479,-0.1597401789140302,0.22946748320655003,193.469315,-0.17532704223770174,0.98328561977107,-0.04908989928286824,-484.054291,-0.217790447147743,-0.08736398109024464,-0.972077597694366,50.869041,0.0,0.0,0.0,1.0,0.04922695951724617,0.9817086797830159,-0.1839151285114298,-0.14109180821129647,-0.9641600512225071,-0.0013581371734347068,-0.26531783032813794,-0.06656965380351312,-0.2607145989071188,0.19038440981894106,0.9464574340215166,0.6582699410034449,0.0,0.0,0.0,1.0,0.8728715702133231,-0.1891876862395188,0.4497813260782003,452.9439852200983,0.43006473395005573,-0.13718989262661427,-0.8923134303447222,-1231.7199965907425,0.2305201651174906,0.9723101114029596,-0.038386205045164816,-184.44795518956846,0.0,0.0,0.0,1.0
2026-07-14T19:03:52.705,27,random,6,2,-69.98664731884438,-10.597611643217903,24.556097256533132,11.74210086289817,-10.772054778558115,2.164351085514415,193.46553,-484.076874,50.800934,-165.32485184115706,-10.457912155625351,-177.92024034729747,97.28411342063865,-1263.7682204297798,-45.0674806206669,79.42432729931215,-3.338516006757536,-3.1803501804037526,0.22933289209095853,0.5099525024488804,24,24,10,-0.9827407258795151,-0.08106076744469044,-0.1662823432571282,193.46553,-0.035687840561661785,0.9650716934661308,-0.2595438392766432,-484.076874,0.18151320539797927,-0.24913004325390467,-0.9513081403070502,50.800934,0.0,0.0,0.0,1.0,0.21079061046973047,0.9731488335654709,-0.09245899776636418,-0.12636716891101243,-0.9657234535314387,0.22196756855871558,0.13456823476378985,0.10513698689615139,0.1514778196209221,0.060924102277295174,0.9865813316319121,0.6225451050117209,0.0,0.0,0.0,1.0,0.9967653581862234,-0.0469754468735965,-0.06520834387496033,97.28411342063865,-0.05538492856987394,0.18642726878517243,-0.9809064089609216,-1263.7682204297798,0.05823513035272658,0.9813450875427695,0.1832225115766996,-45.0674806206669,0.0,0.0,0.0,1.0
2026-07-14T19:03:57.039,28,random,6,3,-69.98664731884438,-10.597611643217903,24.556097256533132,10.60115194060712,-3.48474420557746,-11.681804610256764,193.475357,-484.06189,50.836697,-166.51969802712287,-3.1961877643577843,168.21536662181256,-39.94263305656486,-1224.742581522347,56.58202900467768,64.94341816346727,-7.119283671543895,-10.756764144463444,0.39002965747981144,0.9295016713399408,24,24,10,-0.9773994621558088,0.18588373241850215,-0.10068529882610772,193.475357,0.2039158239625881,0.9546074585267575,-0.2171242429180672,-484.06189,0.055755072551245934,-0.2327484439201512,-0.9709374509913363,50.836697,0.0,0.0,0.0,1.0,0.18246453065344861,0.9639439613377255,0.19369753342246981,0.004540006675803881,-0.9828368410712705,0.1733754916738601,0.06302922115886199,0.07826045718512535,0.027174232030770473,-0.20187366912844132,0.9790345156459799,0.6537249605622846,0.0,0.0,0.0,1.0,0.9748541247267299,-0.03125459856768484,-0.2206413052255943,-39.94263305656486,-0.1852010775237969,0.43702568238025463,-0.8801756153314503,-1224.742581522347,0.1239354525037351,0.8989058365637884,0.42024790374759624,56.58202900467768,0.0,0.0,0.0,1.0
2026-07-14T19:04:00.344,29,random,6,4,-69.98664731884438,-10.597611643217903,24.556097256533132,10.43359460988109,-10.113939094376887,-4.0587478608939325,193.475067,-484.061859,50.836792,-166.68723088641914,-9.825252158241895,175.83811171979207,11.24719752643395,-1240.3415336836138,-6.856445879421443,74.34186192442698,-2.2301896764040605,-9.610554702692955,0.23737675512553072,0.5404216649297191,24,24,10,-0.9827344364314085,0.03143458312213414,-0.18233182507664375,193.475067,0.07151032229718156,0.9734131375933696,-0.217607760352394,-484.061859,0.17064378470016245,-0.226889247309275,-0.9588545083580904,50.836792,0.0,0.0,0.0,1.0,0.18470364323009456,0.9825948804652596,0.019795581855352632,-0.06997753389803936,-0.9723401194644581,0.1797717935926467,0.14912006675269013,0.11560907579648426,0.14296592691048435,-0.04679105803403883,0.9886209286833256,0.6305940639632341,0.0,0.0,0.0,1.0,0.9852184805288643,0.008115106940860584,-0.17111017112882354,11.24719752643395,-0.16682392203886315,0.27236474136222033,-0.9476218796008575,-1240.3415336836138,0.038914324611487305,0.9621598581847141,0.2696925706021628,-6.856445879421443,0.0,0.0,0.0,1.0
2026-07-14T19:04:06.682,30,random,6,5,-69.98664731884438,-10.597611643217903,24.556097256533132,-6.495556380235408,0.005131097238454174,14.346150942491565,193.475052,-484.06131,50.83622,176.38362483653611,0.2939273489021123,-165.75697661024472,313.02544183347527,-1179.8797303427168,-337.8289693684941,109.58419277935867,4.99954454663445,18.042104793224826,0.36640132704830947,1.0865094960099115,24,24,10,-0.9692481213899218,-0.24585898401456202,-0.010556474858341993,193.475052,-0.24603203554205377,0.967251215558707,0.062396502203546526,-484.06131,-0.005129977499080108,0.06307492353963598,-0.9979956098857989,50.83622,0.0,0.0,0.0,1.0,-0.09192629489186009,0.9571529294387274,-0.27460485424390607,-0.1598174978172866,-0.9941045650803535,-0.10413719733825778,-0.030192015781217964,0.05737779242600266,-0.057494956247094234,0.27021049905100836,0.9610830433468014,0.6288066901752489,0.0,0.0,0.0,1.0,0.9472116396924718,0.18188323868468415,0.2640238570975511,313.02544183347527,0.30853746357980993,-0.29328037853156247,-0.904870848870777,-1179.8797303427168,-0.08714782383304324,0.9385654516622447,-0.33391638136996393,-337.8289693684941,0.0,0.0,0.0,1.0
